Id,Player,Nation,Pos,Squad,Comp,Age,Born,MP,Starts,Min,90s,Gls,Ast,G+A
1,Mohamed Salah,eg EGY,FW,Liverpool,eng Premier League,32.0,1992,38,38,3371,37.5,29,18,47
2,Harry Kane,eng ENG,FW,Bayern Munich,de Bundesliga,31.0,1993,31,28,2381,26.5,26,9,35
3,Kylian Mbappé,fr FRA,FW,Real Madrid,es La Liga,25.0,1998,34,34,2907,32.3,31,3,34
4,Mateo Retegui,it ITA,FW,Atalanta,it Serie A,25.0,1999,36,32,2383,26.5,25,8,33
5,Alexander Isak,se SWE,FW,Newcastle Utd,eng Premier League,24.0,1999,34,34,2756,30.6,23,6,29
6,Robert Lewandowski,pl POL,FW,Barcelona,es La Liga,35.0,1988,34,32,2667,29.6,27,2,29
7,Ousmane Dembélé,fr FRA,FW,Paris S-G,fr Ligue 1,27.0,1997,29,20,1730,19.2,21,6,27
8,Bryan Mbeumo,cm CMR,FW,Brentford,eng Premier League,24.0,1999,38,38,3414,37.9,20,7,27
9,Michael Olise,fr FRA,"FW,MF",Bayern Munich,de Bundesliga,22.0,2001,34,28,2334,25.9,12,15,27
10,Raphinha,br BRA,"FW,MF",Barcelona,es La Liga,27.0,1996,36,32,2839,31.5,18,9,27
11,Mason Greenwood,eng ENG,"FW,MF",Marseille,fr Ligue 1,22.0,2001,34,32,2804,31.2,21,5,26
12,Ante Budimir,hr CRO,FW,Osasuna,es La Liga,33.0,1991,38,34,2952,32.8,21,4,25
13,Serhou Guirassy,gn GUI,FW,Dortmund,de Bundesliga,28.0,1996,30,29,2598,28.9,21,4,25
14,Erling Haaland,no NOR,FW,Manchester City,eng Premier League,24.0,2000,31,31,2736,30.4,22,3,25
15,Bradley Barcola,fr FRA,FW,Paris S-G,fr Ligue 1,21.0,2002,34,27,2181,24.2,14,10,24
16,Romelu Lukaku,be BEL,FW,Napoli,it Serie A,31.0,1993,36,35,2843,31.6,14,10,24
17,Omar Marmoush,eg EGY,FW,Eint Frankfurt,de Bundesliga,25.0,1999,17,17,1448,16.1,15,9,24
18,Ollie Watkins,eng ENG,FW,Aston Villa,eng Premier League,28.0,1995,38,31,2598,28.9,16,8,24
19,Hugo Ekitike,fr FRA,FW,Eint Frankfurt,de Bundesliga,22.0,2002,33,31,2563,28.5,15,8,23
20,Tim Kleindienst,de GER,FW,Gladbach,de Bundesliga,28.0,1995,31,31,2737,30.4,16,7,23
21,Cole Palmer,eng ENG,"MF,FW",Chelsea,eng Premier League,22.0,2002,37,36,3191,35.5,15,8,23
22,Yoane Wissa,cd COD,FW,Brentford,eng Premier League,27.0,1996,35,34,2919,32.4,19,4,23
23,Chris Wood,nz NZL,FW,Nott'ham Forest,eng Premier League,32.0,1991,36,35,2959,32.9,20,3,23
24,Alexander Sørloth,no NOR,FW,Atlético Madrid,es La Liga,28.0,1995,35,15,1566,17.4,20,2,22
25,Florian Wirtz,de GER,"MF,FW",Leverkusen,de Bundesliga,21.0,2003,31,25,2351,26.1,10,12,22
26,Lamine Yamal,es ESP,FW,Barcelona,es La Liga,17.0,2007,35,31,2856,31.7,9,13,22
27,Julián Álvarez,ar ARG,FW,Atlético Madrid,es La Liga,24.0,2000,37,30,2509,27.9,17,4,21
28,Jarrod Bowen,eng ENG,"FW,MF",West Ham,eng Premier League,27.0,1996,34,34,2973,33.0,13,8,21
29,Matheus Cunha,br BRA,"MF,FW",Wolves,eng Premier League,25.0,1999,33,29,2597,28.9,15,6,21
30,Jonathan David,ca CAN,FW,Lille,fr Ligue 1,24.0,2000,32,28,2554,28.4,16,5,21
31,Ayoze Pérez,es ESP,FW,Villarreal,es La Liga,31.0,1993,30,22,1970,21.9,19,2,21
32,Gaëtan Perrin,fr FRA,"MF,FW",Auxerre,fr Ligue 1,28.0,1996,34,31,2691,29.9,10,11,21
33,Patrik Schick,cz CZE,FW,Leverkusen,de Bundesliga,28.0,1996,31,19,1684,18.7,21,0,21
34,Jonathan Burkardt,de GER,FW,Mainz 05,de Bundesliga,24.0,2000,29,28,2109,23.4,18,2,20
35,Evann Guessand,ci CIV,"FW,MF",Nice,fr Ligue 1,23.0,2001,33,30,2565,28.5,12,8,20
36,Arnaud Kalimuendo,fr FRA,"FW,MF",Rennes,fr Ligue 1,22.0,2002,33,31,2578,28.6,17,3,20
37,Moise Kean,it ITA,FW,Fiorentina,it Serie A,24.0,2000,31,30,2615,29.1,17,3,20
38,Ademola Lookman,ng NGA,"MF,FW",Atalanta,it Serie A,26.0,1997,31,28,2247,25.0,15,5,20
39,Jacob Murphy,eng ENG,FW,Newcastle Utd,eng Premier League,29.0,1995,35,31,2360,26.2,8,12,20
40,Christian Pulisic,us USA,"FW,MF",Milan,it Serie A,25.0,1998,34,29,2478,27.5,11,9,20
41,Mohamed Amoura,dz ALG,FW,Wolfsburg,de Bundesliga,24.0,2000,31,29,2467,27.4,10,9,19
42,Rayan Cherki,fr FRA,"FW,MF",Lyon,fr Ligue 1,20.0,2003,30,22,2041,22.7,8,11,19
43,Vincenzo Grifo,it ITA,"FW,MF",Freiburg,de Bundesliga,31.0,1993,34,31,2432,27.0,8,11,19
44,Vinicius Júnior,br BRA,FW,Real Madrid,es La Liga,24.0,2000,30,24,2253,25.0,11,8,19
45,Andrej Kramarić,hr CRO,"MF,FW",Hoffenheim,de Bundesliga,33.0,1991,32,32,2767,30.7,11,8,19
46,Riccardo Orsolini,it ITA,FW,Bologna,it Serie A,27.0,1997,30,23,1878,20.9,15,4,19
47,Luis Díaz,co COL,FW,Liverpool,eng Premier League,27.0,1997,36,28,2399,26.7,13,5,18
48,Bruno Fernandes,pt POR,MF,Manchester Utd,eng Premier League,29.0,1994,36,35,3018,33.5,8,10,18
49,Justin Kluivert,nl NED,MF,Bournemouth,eng Premier League,25.0,1999,34,29,2340,26.0,12,6,18
50,Morgan Rogers,eng ENG,"FW,MF",Aston Villa,eng Premier League,22.0,2002,37,37,3114,34.6,8,10,18
51,Benjamin Šeško,si SVN,"FW,MF",RB Leipzig,de Bundesliga,21.0,2003,33,30,2380,26.4,13,5,18
52,Moses Simon,ng NGA,"FW,MF",Nantes,fr Ligue 1,29.0,1995,32,31,2609,29.0,8,10,18
53,Jørgen Strand Larsen,no NOR,FW,Wolves,eng Premier League,24.0,2000,35,30,2587,28.7,14,4,18
54,Marcus Thuram,fr FRA,FW,Inter,it Serie A,26.0,1997,31,26,2200,24.4,14,4,18
55,Jude Bellingham,eng ENG,MF,Real Madrid,es La Liga,21.0,2003,31,29,2488,27.6,9,8,17
56,Zuriko Davitashvili,ge GEO,"FW,MF",Saint-Étienne,fr Ligue 1,23.0,2001,33,32,2778,30.9,9,8,17
57,Ritsu Doan,jp JPN,"FW,MF",Freiburg,de Bundesliga,26.0,1998,34,33,2862,31.8,10,7,17
58,Anthony Elanga,se SWE,"FW,MF",Nott'ham Forest,eng Premier League,22.0,2002,38,31,2501,27.8,6,11,17
59,Emanuel Emegha,nl NED,FW,Strasbourg,fr Ligue 1,21.0,2003,27,27,2293,25.5,14,3,17
60,Isco,es ESP,MF,Betis,es La Liga,32.0,1992,22,17,1547,17.2,9,8,17
61,Alexandre Lacazette,fr FRA,FW,Lyon,fr Ligue 1,33.0,1991,30,24,2051,22.8,15,2,17
62,Georges Mikautadze,ge GEO,FW,Lyon,fr Ligue 1,23.0,2000,34,13,1449,16.1,11,6,17
63,Alex Baena,es ESP,"MF,FW",Villarreal,es La Liga,23.0,2001,32,30,2595,28.8,7,9,16
64,Ermedin Demirović,ba BIH,FW,Stuttgart,de Bundesliga,26.0,1998,34,20,1855,20.6,15,1,16
65,Marvin Ducksch,de GER,FW,Werder Bremen,de Bundesliga,30.0,1994,32,30,2418,26.9,8,8,16
66,Eberechi Eze,eng ENG,"MF,FW",Crystal Palace,eng Premier League,26.0,1998,34,31,2588,28.8,8,8,16
67,Son Heung-min,kr KOR,FW,Tottenham,eng Premier League,32.0,1992,30,24,2110,23.4,7,9,16
68,João Pedro,br BRA,"FW,MF",Brighton,eng Premier League,22.0,2001,27,23,1948,21.6,10,6,16
69,Nikola Krstović,me MNE,FW,Lecce,it Serie A,24.0,2000,37,37,3057,34.0,11,5,16
70,Rafael Leão,pt POR,FW,Milan,it Serie A,25.0,1999,34,25,2323,25.8,8,8,16
71,James Maddison,eng ENG,MF,Tottenham,eng Premier League,27.0,1996,31,21,1809,20.1,9,7,16
72,Jean-Philippe Mateta,fr FRA,FW,Crystal Palace,eng Premier League,27.0,1997,37,33,2648,29.4,14,2,16
73,Scott McTominay,sct SCO,MF,Napoli,it Serie A,27.0,1996,34,33,2938,32.6,12,4,16
74,Javi Puado,es ESP,"FW,MF",Espanyol,es La Liga,26.0,1998,35,35,2974,33.0,12,4,16
75,Bukayo Saka,eng ENG,"FW,MF",Arsenal,eng Premier League,22.0,2001,25,20,1729,19.2,6,10,16
76,Oihan Sancet,es ESP,MF,Athletic Club,es La Liga,24.0,2000,29,19,1620,18.0,15,1,16
77,Leroy Sané,de GER,FW,Bayern Munich,de Bundesliga,28.0,1996,30,17,1637,18.2,11,5,16
78,Antoine Semenyo,gh GHA,FW,Bournemouth,eng Premier League,24.0,2000,37,36,3203,35.6,11,5,16
79,Xavi Simons,nl NED,MF,RB Leipzig,de Bundesliga,21.0,2003,25,25,2150,23.9,10,6,16
80,Lucas Stassin,be BEL,FW,Saint-Étienne,fr Ligue 1,19.0,2004,28,23,1887,21.0,12,4,16
81,Ferrán Torres,es ESP,"FW,MF",Barcelona,es La Liga,24.0,2000,27,12,1106,12.3,10,6,16
82,Ludovic Ajorque,fr FRA,FW,Brest,fr Ligue 1,30.0,1994,31,29,2495,27.7,13,2,15
83,Maghnes Akliouche,fr FRA,"FW,MF",Monaco,fr Ligue 1,22.0,2002,32,27,2406,26.7,5,10,15
84,Iago Aspas,es ESP,"FW,MF",Celta Vigo,es La Liga,36.0,1987,30,19,1745,19.4,10,5,15
85,Thierno Barry,fr FRA,FW,Villarreal,es La Liga,21.0,2002,35,25,2323,25.8,11,4,15
86,Mika Biereth,dk DEN,FW,Monaco,fr Ligue 1,21.0,2003,16,16,1228,13.6,13,2,15
87,Julian Brandt,de GER,MF,Dortmund,de Bundesliga,28.0,1996,30,28,2303,25.6,5,10,15
88,Morgan Gibbs-White,eng ENG,MF,Nott'ham Forest,eng Premier League,24.0,2000,34,34,2803,31.1,7,8,15
89,Antoine Griezmann,fr FRA,"FW,MF",Atlético Madrid,es La Liga,33.0,1991,38,29,2469,27.4,8,7,15
90,Alex Iwobi,ng NGA,"FW,MF",Fulham,eng Premier League,28.0,1996,38,35,2981,33.1,9,6,15
91,Nicolas Jackson,sn SEN,FW,Chelsea,eng Premier League,23.0,2001,30,28,2220,24.7,10,5,15
92,Raúl Jiménez,mx MEX,FW,Fulham,eng Premier League,33.0,1991,38,30,2494,27.7,12,3,15
93,Gaëtan Laborde,fr FRA,FW,Nice,fr Ligue 1,30.0,1994,28,20,1829,20.3,11,4,15
94,Lautaro Martínez,ar ARG,FW,Inter,it Serie A,26.0,1997,30,30,2474,27.5,12,3,15
95,Alassane Pléa,fr FRA,"MF,FW",Gladbach,de Bundesliga,31.0,1993,30,24,1902,21.1,11,4,15
96,Jens Stage,dk DEN,MF,Werder Bremen,de Bundesliga,27.0,1996,28,26,2204,24.5,10,5,15
97,Leandro Trossard,be BEL,FW,Arsenal,eng Premier League,29.0,1994,38,28,2546,28.3,8,7,15
98,Dilane Bakwa,fr FRA,"MF,DF",Strasbourg,fr Ligue 1,21.0,2002,30,29,2497,27.7,6,8,14
99,Ludovic Blas,fr FRA,"MF,FW",Rennes,fr Ligue 1,26.0,1997,29,26,2293,25.5,6,8,14
100,Charles De Ketelaere,be BEL,"MF,FW",Atalanta,it Serie A,23.0,2001,36,25,2070,23.0,7,7,14
101,Liam Delap,eng ENG,FW,Ipswich Town,eng Premier League,21.0,2003,37,32,2593,28.8,12,2,14
102,Amad Diallo,ci CIV,"MF,FW",Manchester Utd,eng Premier League,22.0,2002,26,20,1901,21.1,8,6,14
103,Artem Dovbyk,ua UKR,FW,Roma,it Serie A,27.0,1997,32,27,2418,26.9,12,2,14
104,Cody Gakpo,nl NED,FW,Liverpool,eng Premier League,25.0,1999,35,23,1935,21.5,10,4,14
105,Luis Henrique,br BRA,"DF",Marseille,fr Ligue 1,22.0,2001,33,29,2613,29.0,7,7,14
106,Borja Iglesias,es ESP,FW,Celta Vigo,es La Liga,31.0,1993,37,24,1952,21.7,11,3,14
107,Brennan Johnson,wls WAL,FW,Tottenham,eng Premier League,23.0,2001,33,24,2177,24.2,11,3,14
108,Kaoru Mitoma,jp JPN,"FW,MF",Brighton,eng Premier League,27.0,1997,36,28,2603,28.9,10,4,14
109,Jamal Musiala,de GER,MF,Bayern Munich,de Bundesliga,21.0,2003,25,21,1798,20.0,12,2,14
110,Paul Nebel,de GER,MF,Mainz 05,de Bundesliga,21.0,2002,31,26,2345,26.1,10,4,14
111,Loïs Openda,be BEL,"FW,MF",RB Leipzig,de Bundesliga,24.0,2000,33,28,2453,27.3,9,5,14
112,Nicolás Paz,ar ARG,"MF,FW",Como,it Serie A,19.0,2004,35,30,2687,29.9,6,8,14
113,Dani Raba,es ESP,"FW,MF",Leganés,es La Liga,28.0,1995,29,24,1879,20.9,8,6,14
114,Tijjani Reijnders,nl NED,MF,Milan,it Serie A,26.0,1998,37,36,3128,34.8,10,4,14
115,Ismaila Sarr,sn SEN,MF,Crystal Palace,eng Premier League,26.0,1998,38,30,2711,30.1,8,6,14
116,Dušan Vlahović,rs SRB,FW,Juventus,it Serie A,24.0,2000,29,21,1784,19.8,10,4,14
117,Mitchell Weiser,de GER,"DF,MF",Werder Bremen,de Bundesliga,30.0,1994,32,32,2868,31.9,5,9,14
118,Danny Welbeck,eng ENG,FW,Brighton,eng Premier League,33.0,1990,30,24,2115,23.5,10,4,14
119,Iñaki Williams,gh GHA,FW,Athletic Club,es La Liga,30.0,1994,35,29,2652,29.5,6,8,14
120,Nick Woltemade,de GER,"FW,MF",Stuttgart,de Bundesliga,22.0,2002,28,17,1622,18.0,12,2,14
121,Mattia Zaccagni,it ITA,FW,Lazio,it Serie A,29.0,1995,34,33,2686,29.8,8,6,14
122,Karim Adeyemi,de GER,"FW,MF",Dortmund,de Bundesliga,22.0,2002,25,17,1433,15.9,7,6,13
123,Harvey Barnes,eng ENG,FW,Newcastle Utd,eng Premier League,26.0,1997,33,17,1755,19.5,9,4,13
124,Maximilian Beier,de GER,"FW,MF",Dortmund,de Bundesliga,21.0,2002,29,17,1591,17.7,8,5,13
125,Álex Berenguer,es ESP,"FW,MF",Athletic Club,es La Liga,29.0,1995,36,28,2339,26.0,6,7,13
126,Valentín Castellanos,ar ARG,FW,Lazio,it Serie A,25.0,1998,29,28,2384,26.5,10,3,13
127,Hugo Duro,es ESP,FW,Valencia,es La Liga,24.0,1999,31,25,2166,24.1,11,2,13
128,Enzo Fernández,ar ARG,MF,Chelsea,eng Premier League,23.0,2001,36,32,2947,32.7,6,7,13
129,Amine Gouiri,dz ALG,"FW,MF",Marseille,fr Ligue 1,24.0,2000,14,12,1048,11.6,10,3,13
130,Lee Jae-sung,kr KOR,MF,Mainz 05,de Bundesliga,31.0,1992,33,31,2650,29.4,7,6,13
131,Kiké,es ESP,FW,Alavés,es La Liga,34.0,1989,35,29,2542,28.2,13,0,13
132,Diego López,es ESP,"MF,FW",Valencia,es La Liga,22.0,2002,38,35,2737,30.4,8,5,13
133,Lorenzo Lucca,it ITA,FW,Udinese,it Serie A,23.0,2000,33,27,2353,26.1,12,1,13
134,Dodi Lukebakio,be BEL,FW,Sevilla,es La Liga,26.0,1997,38,36,3092,34.4,11,2,13
135,Shuto Machino,jp JPN,"FW,MF",Holstein Kiel,de Bundesliga,24.0,1999,32,23,1953,21.7,11,2,13
136,Keito Nakamura,jp JPN,"FW,MF",Reims,fr Ligue 1,24.0,2000,32,31,2649,29.4,11,2,13
137,Dani Olmo,es ESP,"MF,FW",Barcelona,es La Liga,26.0,1998,25,13,1212,13.5,10,3,13
138,Adrien Rabiot,fr FRA,MF,Marseille,fr Ligue 1,29.0,1995,29,27,2485,27.6,9,4,13
139,Gonçalo Ramos,pt POR,FW,Paris S-G,fr Ligue 1,23.0,2001,22,12,1066,11.8,10,3,13
140,Andrey Santos,br BRA,MF,Strasbourg,fr Ligue 1,20.0,2004,32,32,2855,31.7,10,3,13
141,Kevin Schade,de GER,FW,Brentford,eng Premier League,22.0,2001,38,26,2293,25.5,11,2,13
142,Fábio Silva,pt POR,FW,Las Palmas,es La Liga,22.0,2002,24,22,1866,20.7,10,3,13
143,Lassine Sinayoko,ml MLI,"FW,MF",Auxerre,fr Ligue 1,24.0,1999,34,25,2299,25.5,5,8,13
144,Cristhian Stuani,uy URU,FW,Girona,es La Liga,37.0,1986,32,6,1078,12.0,11,2,13
145,Jamie Vardy,eng ENG,FW,Leicester City,eng Premier League,37.0,1987,35,35,2823,31.4,9,4,13
146,Che Adams,sct SCO,FW,Torino,it Serie A,28.0,1996,36,30,2652,29.5,9,3,12
147,Nadiem Amiri,de GER,MF,Mainz 05,de Bundesliga,27.0,1996,30,30,2473,27.5,7,5,12
148,Santiago Castro,ar ARG,FW,Bologna,it Serie A,19.0,2004,36,27,2294,25.5,8,4,12
149,Mikkel Damsgaard,dk DEN,"MF,FW",Brentford,eng Premier League,24.0,2000,38,34,2911,32.3,2,10,12
150,Boulaye Dia,sn SEN,"MF,FW",Lazio,it Serie A,27.0,1996,35,27,2177,24.2,9,3,12
151,Désiré Doué,fr FRA,"FW,MF",Paris S-G,fr Ligue 1,19.0,2005,31,18,1730,19.2,6,6,12
152,Serge Gnabry,de GER,"FW,MF",Bayern Munich,de Bundesliga,29.0,1995,27,13,1242,13.8,7,5,12
153,Kai Havertz,de GER,"FW,MF",Arsenal,eng Premier League,25.0,1999,23,21,1875,20.8,9,3,12
154,Adam Hložek,cz CZE,"FW,MF",Hoffenheim,de Bundesliga,22.0,2002,27,22,1871,20.8,8,4,12
155,Hamed Junior Traorè,ci CIV,MF,Auxerre,fr Ligue 1,24.0,2000,26,26,2093,23.3,10,2,12
156,Lee Kang-in,kr KOR,"FW,MF",Paris S-G,fr Ligue 1,23.0,2001,30,19,1663,18.5,6,6,12
157,Gabriel Martinelli,br BRA,"FW,MF",Arsenal,eng Premier League,23.0,2001,33,25,2290,25.4,8,4,12
158,Dan Ndoye,ch SUI,FW,Bologna,it Serie A,23.0,2000,30,26,2143,23.8,8,4,12
159,Mikel Oyarzabal,es ESP,FW,Real Sociedad,es La Liga,27.0,1997,35,28,2250,25.0,9,3,12
160,Sandro Ramírez,es ESP,"FW,MF",Las Palmas,es La Liga,29.0,1995,31,25,2034,22.6,9,3,12
161,Dominic Solanke,eng ENG,FW,Tottenham,eng Premier League,26.0,1997,27,25,2201,24.5,9,3,12
162,Dominik Szoboszlai,hu HUN,MF,Liverpool,eng Premier League,23.0,2000,36,29,2491,27.7,6,6,12
163,Deniz Undav,de GER,"FW,MF",Stuttgart,de Bundesliga,28.0,1996,27,20,1726,19.2,9,3,12
164,Jonas Wind,dk DEN,"FW,MF",Wolfsburg,de Bundesliga,25.0,1999,31,21,1966,21.8,9,3,12
165,Matthis Abline,fr FRA,FW,Nantes,fr Ligue 1,21.0,2003,34,33,2768,30.8,9,2,11
166,Rayan Aït-Nouri,dz ALG,DF,Wolves,eng Premier League,23.0,2001,37,37,3109,34.5,4,7,11
167,Hakan Çalhanoğlu,tr TUR,MF,Inter,it Serie A,30.0,1994,28,25,1879,20.9,5,6,11
168,Alexis Claude-Maurice,fr FRA,"MF,FW",Augsburg,de Bundesliga,26.0,1998,28,25,2109,23.4,9,2,11
169,Jonathan Clauss,fr FRA,"DF,MF",Nice,fr Ligue 1,31.0,1992,28,27,2303,25.6,3,8,11
170,Patrick Cutrone,it ITA,FW,Como,it Serie A,26.0,1998,33,23,2047,22.7,7,4,11
171,Kevin De Bruyne,be BEL,"MF,FW",Manchester City,eng Premier League,33.0,1991,28,19,1702,18.9,4,7,11
172,Federico Dimarco,it ITA,"DF",Inter,it Serie A,26.0,1997,32,28,2140,23.8,4,7,11
173,Evanilson,br BRA,FW,Bournemouth,eng Premier League,24.0,1999,31,28,2319,25.8,10,1,11
174,Jamie Gittens,eng ENG,"FW,MF",Dortmund,de Bundesliga,19.0,2004,32,21,1776,19.7,8,3,11
175,Anthony Gordon,eng ENG,"FW,MF",Newcastle Utd,eng Premier League,23.0,2001,34,28,2434,27.0,6,5,11
176,Bruno Guimarães,br BRA,MF,Newcastle Utd,eng Premier League,26.0,1997,38,38,3271,36.3,5,6,11
177,Robin Hack,de GER,"FW,MF",Gladbach,de Bundesliga,25.0,1998,33,27,2172,24.1,4,7,11
178,Franck Honorat,fr FRA,FW,Gladbach,de Bundesliga,27.0,1996,19,18,1439,16.0,4,7,11
179,Dejan Kulusevski,se SWE,"MF,FW",Tottenham,eng Premier League,24.0,2000,32,27,2389,26.5,7,4,11
180,Giovani Lo Celso,ar ARG,"MF,FW",Betis,es La Liga,28.0,1996,25,15,1457,16.2,8,3,11
181,Fermin López,es ESP,"MF,FW",Barcelona,es La Liga,21.0,2003,28,12,1252,13.9,6,5,11
182,Enzo Millot,fr FRA,"MF,FW",Stuttgart,de Bundesliga,22.0,2002,29,22,1843,20.5,6,5,11
183,João Neves,pt POR,"MF,DF",Paris S-G,fr Ligue 1,19.0,2004,29,22,1844,20.5,3,8,11
184,Dango Ouattara,bf BFA,FW,Bournemouth,eng Premier League,22.0,2002,32,21,2005,22.3,7,4,11
185,Pedro,es ESP,"FW,MF",Lazio,it Serie A,37.0,1987,30,6,1102,12.2,10,1,11
186,Roberto Piccoli,it ITA,FW,Cagliari,it Serie A,23.0,2001,37,37,3127,34.7,10,1,11
187,Marvin Pieringer,de GER,"FW,MF",Heidenheim,de Bundesliga,24.0,1999,31,26,2206,24.5,7,4,11
188,Andrea Pinamonti,it ITA,FW,Genoa,it Serie A,25.0,1999,36,33,2850,31.7,10,1,11
189,Yeremi Pino,es ESP,"MF,FW",Villarreal,es La Liga,21.0,2002,34,25,1934,21.5,4,7,11
190,Declan Rice,eng ENG,MF,Arsenal,eng Premier League,25.0,1999,35,33,2825,31.4,4,7,11
191,Dani Rodríguez,es ESP,"MF,FW",Mallorca,es La Liga,36.0,1988,37,26,2162,24.0,4,7,11
192,Rodrygo,br BRA,"FW,MF",Real Madrid,es La Liga,23.0,2001,30,22,1928,21.4,6,5,11
193,Florian Thauvin,fr FRA,"FW,MF",Udinese,it Serie A,31.0,1993,25,24,1956,21.7,8,3,11
194,Corentin Tolisso,fr FRA,MF,Lyon,fr Ligue 1,29.0,1994,32,27,2329,25.9,7,4,11
195,Abdoulaye Touré,gn GUI,MF,Le Havre,fr Ligue 1,30.0,1994,28,26,2324,25.8,10,1,11
196,Kenan Yıldız,tr TUR,"FW,MF",Juventus,it Serie A,19.0,2005,35,28,2402,26.7,7,4,11
197,Martin Ødegaard,no NOR,MF,Arsenal,eng Premier League,25.0,1998,30,26,2325,25.8,3,8,11